Date,NFLX,AAPL,TSLA
2016-06-28,0.56,0.1725,-0.02
2016-06-29,1.39,0.1075,1.012
2016-06-30,0.57,0.29,-0.138
2016-07-01,1.67,0.1,2.072
2016-07-05,2.71,-0.1,0.85
2016-07-06,-0.43,0.2325,0.888
2016-07-07,0.4,0.06,0.568
2016-07-08,1.06,0.0475,-0.204
2016-07-11,-1.52,0.0575,0.964
2016-07-12,0.9,0.0625,0.11
2016-07-13,0.17,-0.135,-0.594
2016-07-14,1.02,0.35,-0.318
2016-07-15,-0.13,-0.035,-0.424
2016-07-18,0.38,0.2825,1.322
2016-07-19,0.41,0.0775,0.052
2016-07-20,1.24,-0.01,0.378
2016-07-21,-2.31,-0.1,-1.1
2016-07-22,-0.59,-0.15,0.056
2016-07-25,1.93,-0.2275,1.548
2016-07-26,0.38,-0.0375,0.364
2016-07-27,0.54,-0.33,-0.17
2016-07-28,-0.27,0.3775,0.532
2016-07-29,0.06,0.005,0.818
2016-08-01,3.14,0.41,-1.098
2016-08-02,-0.44,-0.3925,-0.434
2016-08-03,-0.18,0.245,-0.316
2016-08-04,0.24,0.0725,0.984
2016-08-05,3.26,0.3025,0.006
2016-08-08,-0.8,0.2125,-0.368
2016-08-09,-1.13,0.145,0.452
2016-08-10,-0.47,-0.1775,-0.518
2016-08-11,1.29,-0.1475,-0.252
2016-08-12,1.06,0.1,0.04
2016-08-15,-1.52,0.335,-0.086
2016-08-16,-0.07,-0.0625,-0.376
2016-08-17,1.43,0.03,-0.218
2016-08-18,0.18,-0.0375,-0.062
2016-08-19,-0.18,0.1475,0.292
2016-08-22,-0.41,-0.0875,-0.248
2016-08-23,0.26,0.065,0.104
2016-08-24,-0.95,-0.135,-0.886
2016-08-25,0.94,0.045,-0.43
2016-08-26,0.25,-0.1175,-0.43
2016-08-29,0.33,0.05,-0.99
2016-08-30,-0.39,0.05,-0.954
2016-08-31,-0.03,0.11,0.316
2016-09-01,-0.43,0.1475,-1.648
2016-09-02,-0.52,0.0075,-0.91
2016-09-06,2.33,-0.05,0.762
2016-09-07,-0.96,0.1325,-0.758
2016-09-08,0.43,-0.4325,-0.438
2016-09-09,-2.56,-0.3775,-0.924
2016-09-12,3.14,0.6975,0.66
2016-09-13,-1.08,0.11,-0.202
2016-09-14,-0.34,0.76,0.132
2016-09-15,0.11,0.4275,0.786
2016-09-16,2.38,-0.05,0.996
2016-09-19,-1.84,-0.4025,-0.132
2016-09-20,-0.53,0.13,-0.442
2016-09-21,-2.02,-0.075,-0.23
2016-09-22,0.29,0.0675,0.006
2016-09-23,0.19,-0.4275,0.292
2016-09-26,-0.82,0.31,0.498
2016-09-27,2.03,0.0225,-0.768
2016-09-28,0.38,0.065,-0.248
2016-09-29,-0.64,-0.245,-0.98
2016-09-30,1.65,0.1475,0.364
2016-10-03,4.63,-0.0475,0.28
2016-10-04,-0.85,-0.015,-0.338
2016-10-05,2.78,-0.0875,-0.756
2016-10-06,0.1,0.0475,-0.292
2016-10-07,0.84,-0.0625,-0.878
2016-10-10,0.15,0.2575,-0.08
2016-10-11,-1.72,-0.35,-0.35
2016-10-12,-1.38,-0.0025,0.112
2016-10-13,2.22,0.0475,-0.052
2016-10-14,-0.12,-0.0625,-0.83
2016-10-17,-0.7,0.055,-0.618
2016-10-18,2.16,-0.1775,0.622
2016-10-19,3.62,-0.0325,0.764
2016-10-20,1.38,0.05,-0.604
2016-10-21,5.0,-0.0525,0.298
2016-10-24,-0.09,0.1375,0.352
2016-10-25,-0.01,0.075,-0.112
2016-10-26,0.68,0.32,0.248
2016-10-27,-0.96,-0.2275,-1.466
2016-10-28,0.49,-0.0375,-0.806
2016-10-31,-1.98,-0.0275,-0.952
2016-11-01,-1.68,-0.4925,-1.45
2016-11-02,-0.49,0.0475,-0.406
2016-11-03,-0.17,-0.2875,-0.316
2016-11-04,0.03,0.0775,0.312
2016-11-07,0.32,0.0825,-0.076
2016-11-08,0.22,0.1875,0.23
2016-11-09,0.35,0.25,0.636
2016-11-10,-7.34,-0.825,-1.14
2016-11-11,-0.12,0.3275,0.864
2016-11-14,-1.37,-0.5,-1.31
2016-11-15,-0.96,0.135,0.198
2016-11-16,2.23,0.8225,0.256
2016-11-17,-0.1,0.035,1.034
2016-11-18,-0.52,0.085,-1.126
2016-11-21,1.76,0.4025,-0.104
2016-11-22,-0.28,-0.0375,1.066
2016-11-23,-0.07,-0.0325,0.506
2016-11-25,-0.23,0.165,0.602
2016-11-28,-0.12,0.035,0.128
2016-11-29,0.21,0.17,-1.198
2016-11-30,-2.0,-0.27,-0.32
2016-12-01,-0.3,-0.22,-1.274
2016-12-02,4.06,0.1825,-0.282
2016-12-05,-1.57,-0.2225,0.858
2016-12-06,4.47,0.1125,0.066
2016-12-07,0.91,0.4425,1.4
2016-12-08,-2.16,0.315,0.048
2016-12-09,-0.9,0.41,0.262
2016-12-12,-0.01,0.0025,-0.074
2016-12-13,0.27,0.3375,0.994
2016-12-14,0.01,0.0375,-0.01
2016-12-15,1.56,0.11,-0.166
2016-12-16,-2.17,-0.125,0.882
2016-12-19,1.15,0.21,0.048
2016-12-20,-0.34,0.0525,1.148
2016-12-21,0.97,0.065,-0.15
2016-12-22,-1.26,-0.015,0.046
2016-12-23,-0.02,0.2325,1.068
2016-12-27,2.11,0.185,0.93
2016-12-28,-3.18,-0.19,-0.358
2016-12-29,-0.62,0.07,-0.776
2016-12-30,-2.44,-0.2075,-0.522
2017-01-03,2.53,0.0875,0.426
2017-01-04,1.92,0.0425,2.448
2017-01-05,2.59,0.1725,0.066
2017-01-06,-1.01,0.2825,0.416
2017-01-09,-0.53,0.26,0.462
2017-01-10,-1.38,0.085,-0.426
2017-01-11,-0.41,0.2525,0.132
2017-01-12,-1.45,0.0875,0.106
2017-01-13,2.55,-0.0175,1.55
2017-01-17,-2.15,0.415,-0.224
2017-01-18,0.05,-0.0025,0.342
2017-01-19,-3.6,0.095,-0.698
2017-01-20,-0.76,-0.1125,-0.146
2017-01-23,-1.26,0.02,0.614
2017-01-24,2.0,0.105,0.922
2017-01-25,-1.28,0.365,-0.568
2017-01-26,-1.49,0.0675,-0.356
2017-01-27,2.99,-0.0475,0.314
2017-01-30,-0.55,0.175,-0.38
2017-01-31,0.16,0.05,0.538
2017-02-01,-0.42,0.43,-0.762
2017-02-02,-1.41,0.1375,0.642
2017-02-03,0.74,0.1925,-0.116
2017-02-06,0.97,0.29,1.354
2017-02-07,2.51,0.2475,-0.142
2017-02-08,1.17,0.1725,0.946
2017-02-09,-0.84,0.1925,0.59
2017-02-10,0.14,-0.085,-0.112
2017-02-13,-1.99,0.0525,1.972
2017-02-14,-2.38,0.3875,0.39
2017-02-15,1.55,-0.0025,-0.048
2017-02-16,-0.41,-0.08,-1.73
2017-02-17,0.47,0.155,1.286
2017-02-21,-0.39,0.1175,0.388
2017-02-22,0.94,0.17,-1.36
2017-02-23,-1.67,-0.2125,-1.602
2017-02-24,1.37,0.1875,0.868
2017-02-27,0.29,-0.0525,-0.388
2017-02-28,-1.17,-0.0225,1.16
2017-03-01,-0.19,0.475,-0.832
2017-03-02,-2.62,-0.26,0.154
2017-03-03,-0.55,0.25,0.166
2017-03-06,0.94,-0.0075,0.66
2017-03-07,-0.56,0.115,-0.666
2017-03-08,-1.15,0.0125,-0.026
2017-03-09,0.49,-0.015,-0.546
2017-03-10,-0.5,-0.0275,-0.504
2017-03-13,2.62,0.0875,0.27
2017-03-14,0.24,-0.0775,2.378
2017-03-15,1.05,0.2625,-0.254
2017-03-16,-1.11,-0.0075,-0.07
2017-03-17,1.06,-0.2525,-0.5
2017-03-20,0.38,0.265,0.264
2017-03-21,-4.33,-0.5675,-2.43
2017-03-22,0.11,0.3925,0.69
2017-03-23,-0.3,-0.085,-0.122
2017-03-24,-0.34,-0.215,1.492
2017-03-27,3.23,0.3725,1.924
2017-03-28,1.07,0.7225,0.086
2017-03-29,0.97,0.11,-0.192
2017-03-30,1.25,-0.065,-0.024
2017-03-31,-0.19,-0.015,-0.086
2017-04-03,0.22,-0.0025,2.324
2017-04-04,-1.34,0.38,1.362
2017-04-05,-2.57,-0.05,-1.408
2017-04-06,-0.26,-0.1575,0.364
2017-04-07,-0.68,-0.0975,1.008
2017-04-10,0.81,-0.1075,0.648
2017-04-11,0.07,-0.3275,-0.934
2017-04-12,-1.02,0.05,-1.9
2017-04-13,-1.33,-0.215,1.46
2017-04-17,2.82,0.0875,-0.252
2017-04-18,-3.98,-0.0525,0.11
2017-04-19,-3.61,-0.3,0.612
2017-04-20,0.88,0.305,-0.8
2017-04-21,1.48,-0.0425,0.72
2017-04-24,0.22,0.035,-0.238
2017-04-25,4.7,0.155,1.158
2017-04-26,-1.36,-0.1975,-0.44
2017-04-27,2.48,-0.0325,-0.612
2017-04-28,-0.51,-0.11,0.848
2017-05-01,3.44,0.37,1.59
2017-05-02,0.69,-0.0075,-1.022
2017-05-03,-0.7,0.3675,-1.33
2017-05-04,1.66,0.0025,-2.396
2017-05-05,-1.95,0.55,2.07
2017-05-08,-0.17,0.995,-0.742
2017-05-09,1.36,0.03,2.376
2017-05-10,2.46,-0.0925,0.732
2017-05-11,-1.79,0.375,-0.06
2017-05-12,1.7,0.35,-0.134
2017-05-15,-0.23,-0.0775,-0.5
2017-05-16,-1.09,-0.1175,-0.116
2017-05-17,-4.89,-0.8375,-1.656
2017-05-18,2.09,0.3175,1.212
2017-05-19,0.87,-0.08,-0.934
2017-05-22,-0.7,-0.0025,-0.49
2017-05-23,0.2,-0.275,-1.32
2017-05-24,-0.6,-0.125,0.742
2017-05-25,2.05,0.035,1.162
2017-05-26,-0.41,-0.0975,1.572
2017-05-30,-0.38,0.0625,1.82
2017-05-31,-0.54,-0.3025,0.664
2017-06-01,-0.53,0.0025,-0.72601
2017-06-02,1.76,0.4675,0.016
2017-06-05,-0.43,-0.1025,1.764
2017-06-06,0.22,0.1375,1.63
2017-06-07,0.01,0.0875,0.662
2017-06-08,-0.24,-0.065,1.25
2017-06-09,-8.24,-1.5525,-3.42001
2017-06-12,-3.86,-0.08,0.204
2017-06-13,-1.66,-0.1425,1.666
2017-06-14,-2.14,-0.585,-0.086
2017-06-15,2.32,0.2425,0.568
2017-06-16,0.93,-0.3775,-1.316
2017-06-19,-0.89,0.67,-1.04
2017-06-20,-1.63,-0.465,-0.886
2017-06-21,2.53,0.0875,0.41
2017-06-22,-0.24,-0.035,0.924
2017-06-23,3.01,0.2875,0.2
2017-06-26,-1.28,-0.3375,-1.84
2017-06-27,-5.59,-0.32,-2.806
2017-06-28,1.77,0.335,0.912
2017-06-29,-2.73,-0.2575,-1.972
2017-06-30,-0.35,-0.1075,-0.42
2017-07-03,-3.63,-0.345,-3.52399
2017-07-05,1.03,0.1,-4.022
2017-07-06,0.12,-0.0725,-1.686
2017-07-07,3.53,0.32,-0.056
2017-07-10,2.33,0.2375,0.63
2017-07-11,1.96,0.2,2.244
2017-07-12,2.98,-0.0325,-0.176
2017-07-13,-0.3,0.5675,-1.34
2017-07-14,1.82,0.2675,0.918
2017-07-17,-1.21,0.185,-1.194
2017-07-18,7.48,0.22,2.148
2017-07-19,0.89,0.135,-0.594
2017-07-20,-0.24,-0.29,0.604
2017-07-21,5.82,0.07,-0.212
2017-07-24,-0.78,0.3775,2.456
2017-07-25,-0.82,0.235,-1.08
2017-07-26,1.38,0.0275,0.698
2017-07-27,-7.21,-0.7975,-2.308
2017-07-28,2.04,-0.0975,-0.364
2017-07-31,-2.6,-0.2925,-2.406
2017-08-01,-0.46,0.2375,-0.686
2017-08-02,-1.48,-0.535,1.39
2017-08-03,-1.3,-0.37,0.352
2017-08-04,0.67,0.08,1.982
2017-08-07,0.33,0.4375,-0.436
2017-08-08,-3.01,0.37,1.538
2017-08-09,4.35,0.45,0.506
2017-08-10,-4.89,-1.145,-1.24
2017-08-11,1.54,0.22,0.18
2017-08-14,1.2,0.1325,-0.166
2017-08-15,-3.03,0.235,-0.574
2017-08-16,2.48,-0.2475,-0.018
2017-08-17,-3.14,-0.665,-1.85799
2017-08-18,0.59,-0.09,-1.09
2017-08-21,-0.15,-0.0725,-1.592
2017-08-22,1.58,0.3875,0.044
2017-08-23,0.71,0.2275,2.756
2017-08-24,-1.73,-0.29,0.082
2017-08-25,-2.63,0.0525,-1.238
2017-08-28,0.69,0.3325,-0.324
2017-08-29,3.81,0.7025,1.576
2017-08-30,5.19,-0.1125,0.702
2017-08-31,-0.74,0.09,0.47
2017-09-01,-0.81,-0.1875,-0.144
2017-09-05,1.12,-0.4175,-0.842
2017-09-06,4.0,-0.2,-0.994
2017-09-07,0.2,-0.2075,0.926
2017-09-08,-2.03,-0.5575,-1.118
2017-09-11,3.64,0.25,2.468
2017-09-12,2.6,-0.4375,-0.348
2017-09-13,-0.43,-0.055,0.482
2017-09-14,-0.62,-0.1775,2.662
2017-09-15,-0.38,0.3525,1.06
2017-09-18,1.01,-0.36,0.95
2017-09-19,0.7,-0.195,-0.98
2017-09-20,-0.59,-0.4575,0.182
2017-09-21,2.96,-0.6025,-1.684
2017-09-22,-1.05,0.0875,-3.07999
2017-09-25,-7.91,0.14,-1.632
2017-09-26,-1.32,0.34,-1.13599
2017-09-27,0.96,0.1075,-1.786
2017-09-28,-0.55,-0.1525,-0.056
2017-09-29,0.62,0.2275,-0.152
2017-10-02,-5.1,-0.1125,-0.198
2017-10-03,1.54,0.1175,2.448
2017-10-04,3.04,-0.0375,0.752
2017-10-05,8.74,0.3025,-0.13399
2017-10-06,3.72,0.0825,0.756
2017-10-09,-2.23,0.0075,-1.342
2017-10-10,-2.77,-0.04,1.758
2017-10-11,-0.62,0.145,0.142
2017-10-12,-0.89,-0.0875,0.54601
2017-10-13,-0.21,0.065,-0.28201
2017-10-16,0.73,0.495,-0.632
2017-10-17,-0.63,0.1725,0.968
2017-10-18,-4.45,-0.165,0.736
2017-10-19,2.12,-0.1925,-0.75
2017-10-20,-1.74,-0.09,-1.51801
2017-10-23,-1.7,-0.18,-2.572
2017-10-24,3.27,0.2025,-0.292
2017-10-25,-1.61,-0.125,-2.172
2017-10-26,0.55,0.045,-0.322
2017-10-27,2.34,0.94,0.224
2017-10-30,-1.25,0.7075,0.18
2017-10-31,-1.78,0.285,2.26
2017-11-01,0.76,-0.745,-2.23399
2017-11-02,1.87,0.3775,-0.174
2017-11-03,0.21,-0.375,1.318
2017-11-06,0.13,0.47,-0.844
2017-11-07,-4.11,0.225,1.006
2017-11-08,0.44,0.395,-0.222
2017-11-09,-0.56,0.1925,0.098
2017-11-10,0.41,-0.11,0.098
2017-11-13,3.96,0.1175,3.054
2017-11-14,2.07,-0.425,-1.26
2017-11-15,-2.42,-0.2225,1.058
2017-11-16,1.18,-0.02,-0.298
2017-11-17,-2.54,-0.2225,-2.12401
2017-11-20,0.8,-0.0775,-1.01
2017-11-21,1.19,0.59,1.39
2017-11-22,-0.26,0.4,-0.834
2017-11-24,-0.9,-0.0325,0.352
2017-11-27,-0.51,-0.24,0.712
2017-11-28,3.84,-0.3075,0.238
2017-11-29,-10.76,-0.7875,-1.952
2017-11-30,-2.73,0.355,0.058
2017-12-01,-0.17,0.275,0.218
2017-12-04,-5.32,-0.67,-0.26
2017-12-05,0.71,0.145,0.34
2017-12-06,1.92,0.3775,2.632
2017-12-07,-0.51,0.0725,-0.152
2017-12-08,2.04,-0.28,0.106
2017-12-11,-1.63,0.8675,2.856
2017-12-12,-0.28,-0.1125,2.11601
2017-12-13,1.76,-0.0575,-0.38
2017-12-14,1.58,-0.045,-0.624
2017-12-15,0.51,0.085,0.28201
2017-12-18,-0.78,0.385,-1.206
2017-12-19,-3.16,-0.1225,-1.832
2017-12-20,0.88,-0.13,-0.742
2017-12-21,-0.82,0.21,0.414
2017-12-22,1.61,0.0825,-0.862
2017-12-26,-2.02,-0.0575,-1.308
2017-12-27,-1.56,0.125,-0.872
2017-12-28,5.53,0.02,0.722
2017-12-29,-0.55,-0.3225,-0.966
2018-01-02,4.97,0.525,1.706
2018-01-03,3.0,-0.075,-0.75
2018-01-04,-0.57,0.1225,0.35
2018-01-05,2.74,0.39,-0.008
2018-01-08,2.03,0.0,4.082
2018-01-09,-2.8,-0.055,-0.294
2018-01-10,4.95,0.2825,0.52
2018-01-11,2.95,0.1725,0.542
2018-01-12,4.05,0.2275,-0.48199
2018-01-16,-2.71,-0.4275,0.504
2018-01-17,-3.5,0.7375,1.338
2018-01-18,-0.01,-0.0275,-0.22
2018-01-19,-2.29,-0.0375,1.004
2018-01-22,5.58,-0.075,0.432
2018-01-23,-4.76,-0.065,-1.442
2018-01-24,10.42,-0.7575,-1.738
2018-01-25,6.7,-0.85,-2.126
2018-01-26,3.11,-0.1225,0.27
2018-01-29,10.39,-0.55,1.936
2018-01-30,1.8,0.36,0.136
2018-01-31,-11.64,0.14,1.36
2018-02-01,-1.34,0.1525,-0.35
2018-02-02,4.43,-1.375,-0.938
2018-02-05,-7.74,-0.6525,-0.968
2018-02-06,18.02,2.05,1.752
2018-02-07,-2.02,-0.8875,1.202
2018-02-08,-16.98,-1.285,-5.616
2018-02-09,-4.38,-0.165,-1.902
2018-02-12,5.81,1.0525,-0.08
2018-02-13,0.98,0.5975,1.728
2018-02-14,5.53,1.0825,0.294
2018-02-15,10.24,0.8,1.914
2018-02-16,-0.21,0.0175,0.598
2018-02-20,0.81,-0.05,0.06001
2018-02-21,-1.03,-0.44,-0.546
2018-02-22,-5.74,0.175,2.128
2018-02-23,4.93,0.4575,0.844
2018-02-26,5.41,0.655,0.784
2018-02-27,-4.16,-0.1775,-1.052
2018-02-28,-1.72,-0.285,-1.902
2018-03-01,-2.36,-0.885,-2.816
2018-03-02,16.4,0.8525,1.628
2018-03-05,12.15,0.4025,0.192
2018-03-06,5.34,-0.31,-1.11
2018-03-07,1.16,0.0225,1.372
2018-03-08,-5.2,0.365,-0.752
2018-03-09,10.11,0.505,0.614
2018-03-12,-12.26,0.3575,3.38
2018-03-13,-7.99,-0.655,2.646
2018-03-14,3.39,-0.47,-2.026
2018-03-15,-2.08,0.0375,-0.756
2018-03-16,-2.97,-0.1575,-0.316
2018-03-19,-2.32,-0.505,-0.588
2018-03-20,4.24,0.0,-0.864
2018-03-21,0.13,-0.9425,1.256
2018-03-22,-6.37,-0.2875,-0.958
2018-03-23,-6.47,-0.8625,-1.942
2018-03-26,10.99,1.175,-0.632
2018-03-27,-21.8,-1.335,-4.964
2018-03-28,-12.62,-0.1925,-1.36
2018-03-29,8.35,-0.0075,1.928
2018-04-02,-11.65,0.01,-0.756
2018-04-03,-1.78,0.1875,-0.458
2018-04-04,15.31,1.6825,6.832
2018-04-05,0.82,0.055,3.276
2018-04-06,-0.25,-0.6475,-0.34
2018-04-09,-1.84,0.0425,-2.142
2018-04-10,0.39,0.0625,1.146
2018-04-11,0.79,0.0525,0.038
2018-04-12,-0.47,0.1825,-1.648
2018-04-13,-5.64,-0.0125,-0.652
2018-04-16,-8.21,0.1975,-1.558
2018-04-17,6.4,0.4375,-0.236
2018-04-18,-1.78,0.0075,0.454
2018-04-19,-0.18,-0.24,1.8
2018-04-20,-4.45,-1.22,-0.986
2018-04-23,-10.46,-0.3975,-1.584
2018-04-24,-12.2,-0.6825,-0.308
2018-04-25,-0.61,0.2575,-0.562
2018-04-26,3.98,0.025,1.346
2018-04-27,-4.49,-0.42,1.742
2018-04-30,1.39,0.7825,0.058
2018-05-01,2.94,0.6725,1.282
2018-05-02,1.71,0.335,0.516
2018-05-03,-0.9,0.2525,1.132
2018-05-04,11.38,1.395,2.218
2018-05-07,4.27,-0.005,1.054
2018-05-08,0.99,0.265,0.234
2018-05-09,1.51,0.2025,1.288
2018-05-10,-1.9,0.575,-0.496
2018-05-11,-3.19,-0.225,-1.328
2018-05-14,1.28,-0.215,-2.27
2018-05-15,0.19,-0.085,-0.166
2018-05-16,1.91,0.5275,0.53
2018-05-17,-2.31,-0.2525,-0.272
2018-05-18,-0.72,-0.22,-1.566
2018-05-21,4.71,-0.0925,0.632
2018-05-22,-2.43,-0.305,-2.55
2018-05-23,15.68,0.5025,0.262
2018-05-24,4.95,-0.155,-0.11
2018-05-25,1.39,0.0875,0.244
2018-05-29,-1.77,0.075,1.05
2018-05-30,1.17,-0.055,1.686
2018-05-31,-2.2,-0.0875,-0.496
2018-06-01,6.05,0.5625,1.192
2018-06-04,-0.87,0.0475,0.48
2018-06-05,2.48,0.06,-1.314
2018-06-06,-0.33,0.0875,3.8
2018-06-07,-7.14,-0.17,-0.012
2018-06-08,2.51,0.1325,-0.268
2018-06-11,-0.43,-0.03,1.918
2018-06-12,0.23,0.2225,-0.386
2018-06-13,12.4,-0.43,-0.386
2018-06-14,8.6,-0.1875,2.018
2018-06-15,1.27,-0.2975,0.86601
2018-06-18,2.68,0.215,3.086
2018-06-19,15.48,0.1375,-2.522
2018-06-20,1.61,0.0375,0.836
2018-06-21,-5.94,-0.4475,-2.898
2018-06-22,-8.89,-0.3,-3.582
2018-06-25,-20.21,-0.3075,0.578
2018-06-26,6.11,0.36,1.19
2018-06-27,-17.17,-0.2675,-0.1
2018-06-28,0.42,0.35,0.254
2018-06-29,-7.76,-0.295,-2.076
2018-07-02,12.73,0.84,-5.0
2018-07-03,-8.97,-0.9675,-4.178
2018-07-05,4.59,0.035,-0.92
2018-07-06,10.8,0.6375,0.79
2018-07-09,3.02,0.27,1.304
2018-07-10,-1.61,-0.09,-0.418
2018-07-11,7.31,-0.155,0.632
2018-07-12,-1.66,0.375,-0.944
2018-07-13,-13.39,0.0625,0.658
2018-07-16,1.5,-0.1525,-0.322
2018-07-17,32.53,0.425,2.776
2018-07-18,-6.11,-0.345,-0.23
2018-07-19,-6.83,0.5475,0.78
2018-07-20,-3.87,-0.085,-1.53
2018-07-23,3.51,0.2325,0.272
2018-07-24,-9.62,0.1375,-1.398
2018-07-25,5.3,0.44,2.4
2018-07-26,4.9,-0.1,0.36
2018-07-27,-11.64,-1.0025,-2.014
2018-07-30,-16.97,-0.4975,-1.146
2018-07-31,5.94,-0.0025,1.178
2018-08-01,2.51,0.5925,0.57
2018-08-02,7.27,1.7025,4.21999
2018-08-03,-4.66,0.24,0.07201
2018-08-06,8.05,0.2675,-0.694
2018-08-07,-1.4,-0.5525,7.146
2018-08-08,-4.6,0.3,0.25
2018-08-09,1.4,-0.1625,-2.62
2018-08-10,-1.04,0.0425,0.298
2018-08-13,1.42,-0.11,-0.944
2018-08-14,-4.6,-0.1025,-2.162
2018-08-15,-7.63,0.255,-0.644
2018-08-16,-7.46,0.3925,-0.89201
2018-08-17,-2.23,1.035,-3.6
2018-08-20,13.09,-0.66,3.348
2018-08-21,7.02,-0.44,2.258
2018-08-22,5.95,0.2375,0.154
2018-08-23,-8.94,0.21,0.192
2018-08-24,12.82,-0.11,0.424
2018-08-27,-2.57,0.1975,0.254
2018-08-28,1.26,0.1725,-1.31
2018-08-29,0.84,0.7075,-1.052
2018-08-30,5.98,0.445,0.178
2018-08-31,-2.98,0.28,-0.068
2018-09-04,-2.87,-0.0125,-1.598
2018-09-05,-18.82,-0.53,-0.862
2018-09-06,-0.98,-0.7825,-0.77
2018-09-07,6.48,-0.1375,0.628
2018-09-10,-3.86,-0.655,2.448
2018-09-11,11.26,1.46,-0.006
2018-09-12,10.87,-0.9675,1.82
2018-09-13,-3.76,0.7225,0.288
2018-09-14,-3.99,-0.4775,1.288
2018-09-17,-13.87,-1.0675,0.96
2018-09-18,13.98,0.1125,-2.346
2018-09-19,-6.99,-0.0325,3.702
2018-09-20,-4.9,-0.0525,-1.046
2018-09-21,-5.4,-0.78,0.28
2018-09-24,10.61,0.9925,0.24
2018-09-25,-0.8,0.61,0.198
2018-09-26,4.29,-0.145,1.534
2018-09-27,0.84,0.2825,-1.076
2018-09-28,-5.11,0.2375,-1.098
2018-10-01,5.58,-0.1725,0.986
2018-10-02,-7.24,0.5075,-2.586
2018-10-03,-1.48,0.505,-1.706
2018-10-04,-12.23,-0.6975,-2.424
2018-10-05,-8.42,-0.9175,-2.54
2018-10-08,3.92,0.39,-2.792
2018-10-09,7.23,0.8075,1.51
2018-10-10,-27.63,-2.275,-1.546
2018-10-11,-3.84,-0.0175,-1.06
2018-10-12,-0.01,0.4225,-0.444
2018-10-15,-4.5,-0.95,0.106
2018-10-16,9.16,0.805,2.178
2018-10-17,-13.63,-0.2775,-2.124
2018-10-18,-13.96,-0.46,-1.076
2018-10-19,-18.33,0.3125,-1.478
2018-10-22,-3.56,0.215,0.054
2018-10-23,15.16,1.725,6.054
2018-10-24,-30.45,-1.8775,-2.51
2018-10-25,5.75,0.5225,-0.472
2018-10-26,-0.68,0.1,4.53
2018-10-29,-20.42,-1.7375,-0.524
2018-10-30,10.24,0.5375,0.302
2018-10-31,4.01,0.495,0.95599
2018-11-01,12.79,0.7925,1.204
2018-11-02,-8.9,-0.5175,0.534
2018-11-05,4.34,-0.6775,0.18
2018-11-06,-3.92,0.4625,0.39799
2018-11-07,14.6,0.995,0.96401
2018-11-08,-10.08,-0.3725,0.58
2018-11-09,-7.6,-0.27,0.30199
2018-11-12,-5.93,-1.2075,-3.41801
2018-11-13,-0.6,0.15,1.114
2018-11-14,-13.67,-1.775,0.26
2018-11-15,4.55,0.755,1.222
2018-11-16,-0.93,0.7575,1.824
2018-11-19,-13.19,-1.035,-0.574
2018-11-20,12.35,-0.3475,1.148
2018-11-21,-12.29,-0.7375,-2.762
2018-11-23,-1.29,-0.6625,-1.704
2018-11-26,0.88,0.095,4.2
2018-11-27,7.39,0.6825,0.77399
2018-11-28,10.67,1.0525,0.376
2018-11-29,6.43,-0.7775,-1.166
2018-11-30,-1.87,-0.4275,1.73
2018-12-03,-2.89,0.09,-0.302
2018-12-04,-12.8,-1.065,0.73
2018-12-06,14.55,0.74,1.41
2018-12-07,-17.34,-1.25,-2.206
2018-12-10,5.51,1.15,1.03
2018-12-11,-8.76,-0.7575,-0.63
2018-12-12,7.22,-0.325,-0.564
2018-12-13,-1.62,0.115,1.328
2018-12-14,-4.97,-0.88,-1.858
2018-12-17,-3.71,-0.3775,-2.716
2018-12-18,7.64,0.1725,-2.702
2018-12-19,-3.19,-1.2775,-0.926
2018-12-20,-4.06,-0.8925,-2.334
2018-12-21,-17.44,-1.5325,0.474
2018-12-24,-8.12,-0.33,-3.622
2018-12-26,19.75,2.2175,5.218
2018-12-27,5.46,0.0775,-0.742
2018-12-28,-1.86,-0.3175,2.154
2018-12-31,7.5,-0.1975,-0.998
2019-01-02,8.38,0.7575,0.804
2019-01-03,1.0,-0.4475,-1.328
2019-01-04,15.69,0.9325,2.338
2019-01-07,13.24,-0.1925,2.64799
2019-01-08,0.29,0.2975,-1.322
2019-01-09,2.25,0.505,0.606
2019-01-10,10.09,0.325,2.11401
2019-01-11,6.63,-0.1475,1.034
2019-01-14,-1.3,-0.2125,-1.596
2019-01-15,5.04,0.7,1.886
2019-01-16,-2.61,0.465,0.254
2019-01-17,3.69,0.415,0.22
2019-01-18,-12.87,-0.17,-4.148
2019-01-22,-9.73,-0.7775,-1.18
2019-01-23,-6.26,-0.0575,-0.982
2019-01-24,6.07,-0.3525,1.696
2019-01-25,9.33,0.57,0.53
2019-01-28,0.96,0.1275,0.694
2019-01-29,-6.97,-0.3925,0.438
2019-01-30,7.91,0.5,1.664
2019-01-31,-0.18,0.0825,1.204
2019-02-01,2.67,-0.11,1.358
2019-02-04,8.74,0.96,-0.018
2019-02-05,2.61,0.33,1.772
2019-02-06,-4.81,-0.1025,-0.474
2019-02-07,-3.19,-0.365,-1.158
2019-02-08,9.57,0.355,-0.206
2019-02-11,-4.27,-0.405,0.248
2019-02-12,11.88,0.1975,-0.878
2019-02-13,-5.53,-0.3025,-0.836
2019-02-14,7.32,0.2725,0.078
2019-02-15,-1.6,-0.2075,0.676
2019-02-19,6.12,0.305,-0.184
2019-02-20,-4.94,0.21,-0.37
2019-02-21,-3.06,-0.185,-2.116
2019-02-22,2.68,0.3475,0.044
2019-02-25,-3.1,0.0175,0.172
2019-02-26,1.99,0.155,1.128
2019-02-27,-0.63,0.415,2.592
2019-02-28,-4.37,-0.2925,0.192
2019-03-01,-4.94,0.1725,-2.43
2019-03-04,-8.68,0.04,-2.552
2019-03-05,2.84,-0.1025,-1.092
2019-03-06,6.01,-0.0375,-0.048
2019-03-07,-7.56,-0.3425,-0.45
2019-03-08,3.85,0.6475,1.446
2019-03-11,6.86,0.8525,1.48
2019-03-12,-3.1,0.2275,-0.626
2019-03-13,5.4,-0.135,1.012
2019-03-14,-1.68,-0.0425,-0.498
2019-03-15,0.44,0.3175,-1.616
2019-03-18,0.97,0.555,-1.302
2019-03-19,-7.62,-0.455,-0.006
2019-03-20,16.31,0.4825,0.782
2019-03-21,3.87,1.2675,0.284
2019-03-22,-14.94,-1.0725,-1.61
2019-03-25,7.23,-0.6925,0.142
2019-03-26,-7.9,-1.2175,0.666
2019-03-27,-7.63,-0.07,1.216
2019-03-28,0.12,-0.0575,0.292
2019-03-29,-0.6,0.03,0.232
2019-04-01,7.96,-0.1,1.312
2019-04-02,1.47,0.7325,-0.484
2019-04-03,0.49,0.525,0.898
2019-04-04,-2.19,0.225,1.178
2019-04-05,-3.51,0.1375,1.02
2019-04-08,-3.7,0.92,-0.898
2019-04-09,4.17,-0.205,0.132
2019-04-10,-1.87,0.485,-0.136
2019-04-11,2.65,-0.475,0.024
2019-04-12,-9.55,-0.0825,-0.504
2019-04-15,-1.84,0.1625,-0.45
2019-04-16,4.46,-0.0525,1.522
2019-04-17,-10.31,0.8975,-0.704
2019-04-18,5.35,0.185,0.406
2019-04-22,17.64,0.425,-1.25
2019-04-23,6.44,0.7625,0.75
2019-04-24,-6.84,-0.05,-1.038
2019-04-25,-6.16,-0.3875,-1.474
2019-04-26,6.5,-0.15,-2.272
2019-04-29,-1.85,0.0525,1.122
2019-04-30,0.98,-0.5975,-0.674
2019-05-01,4.81,0.16,-0.968
2019-05-02,1.06,-0.1725,-0.284
2019-05-03,3.5,0.215,2.234
2019-05-06,0.98,1.0475,1.064
2019-05-07,-6.54,-0.755,-1.948
2019-05-08,-3.55,0.25,-0.42
2019-05-09,1.85,0.08,-0.004
2019-05-10,-0.58,-0.06,-0.046
2019-05-13,-7.03,-0.4975,-1.0
2019-05-14,-3.1,0.5625,0.602
2019-05-15,11.65,1.1625,0.526
2019-05-16,2.94,0.0425,-0.232
2019-05-17,-1.94,0.5175,-2.186
2019-05-20,-3.12,-0.1075,0.512
2019-05-21,3.32,0.345,1.464
2019-05-22,1.72,-0.47,-1.274
2019-05-23,-3.29,-0.035,0.23
2019-05-24,-1.02,-0.3075,-1.84
2019-05-28,0.67,-0.1725,-0.5
2019-05-29,-4.41,0.24,0.552
2019-05-30,1.3,0.0875,-0.106
2019-05-31,-3.94,-0.29,0.012
2019-06-03,-6.93,-0.575,-1.308
2019-06-04,8.4,1.05,2.5
2019-06-05,1.35,-0.435,-0.418
2019-06-06,2.29,0.535,0.302
2019-06-07,3.48,0.91,-0.1
2019-06-10,-11.64,0.1925,0.526
2019-06-11,-3.73,-0.0125,-0.408
2019-06-12,-6.26,0.06,-2.738
2019-06-13,-3.8,-0.1375,0.706
2019-06-14,-1.9,0.2975,0.734
2019-06-17,7.93,0.2475,1.91
2019-06-18,1.55,0.6,-0.796
2019-06-19,1.8,-0.4525,0.264
2019-06-20,-0.7,-0.2275,-0.676
2019-06-21,4.21,-0.005,1.128
2019-06-24,0.77,0.01,0.08
2019-06-25,-10.45,-0.715,-0.926
2019-06-26,0.6,0.5075,-0.208
2019-06-27,6.82,-0.1375,0.678
2019-06-28,-2.94,-0.19,0.494
2019-07-01,1.1,-0.405,-0.608
2019-07-02,0.54,0.33,-0.868
2019-07-03,5.03,0.2825,-0.898
2019-07-05,2.26,0.22,-0.294
2019-07-08,-2.03,-0.1975,-0.18
2019-07-09,0.87,0.51,0.218
2019-07-10,-1.77,0.345,0.954
2019-07-11,-1.6,-0.39,0.092
2019-07-12,-5.43,0.2125,1.066
2019-07-15,-6.34,0.28,1.1
2019-07-16,-4.1,-0.0225,0.616
2019-07-17,-3.81,-0.175,-0.162
2019-07-18,1.45,0.415,-0.302
2019-07-19,-8.3,-0.8,0.498
2019-07-22,-1.38,0.8925,-0.614
2019-07-23,-4.14,0.095,0.692
2019-07-24,7.43,0.25,1.142
2019-07-25,7.6,-0.4675,-0.936
2019-07-26,6.99,0.065,0.224
2019-07-29,-3.28,0.305,1.736
2019-07-30,-3.27,0.005,1.872
2019-07-31,-2.17,-0.845,-0.278
2019-08-01,-4.75,-1.3675,-1.76
2019-08-02,1.34,-0.3775,0.598
2019-08-05,-3.33,-1.1625,-0.256
2019-08-06,-0.48,0.1725,-0.226
2019-08-07,1.73,0.9075,1.384
2019-08-08,4.87,0.8075,0.77
2019-08-09,-4.81,-0.0775,-0.208
2019-08-12,5.37,0.215,-0.796
2019-08-13,2.51,1.9875,1.238
2019-08-14,-8.9,-0.1025,-2.318
2019-08-15,-3.74,-0.43,-1.044
2019-08-16,3.94,0.555,0.656
2019-08-19,3.13,-0.0675,0.524
2019-08-20,-5.58,-0.13,-0.352
2019-08-21,-3.8,-0.0875,-0.236
2019-08-22,-1.72,-0.1825,-0.13
2019-08-23,-3.56,-1.6975,-1.714
2019-08-26,-0.26,0.1575,0.28
2019-08-27,-3.51,-0.925,-0.332
2019-08-28,2.3,0.3575,0.38
2019-08-29,1.78,0.1275,0.542
2019-08-30,-5.03,-0.355,-0.708
2019-09-03,-1.53,-0.1825,0.186
2019-09-04,0.27,0.2,-1.242
2019-09-05,7.93,0.32,1.416
2019-09-06,-3.18,-0.1975,0.05
2019-09-09,-0.47,-0.1675,0.358
2019-09-10,-3.17,0.71,0.948
2019-09-11,2.57,1.38,1.944
2019-09-12,0.76,-0.4275,-0.366
2019-09-13,3.54,-0.3125,-0.352
2019-09-16,0.06,0.5425,-0.638
2019-09-17,4.1,0.185,0.464
2019-09-18,-3.43,0.4275,-0.302
2019-09-19,-4.96,-0.2625,0.12
2019-09-20,-9.51,-0.9125,-1.174
2019-09-23,-2.43,-0.0575,0.246
2019-09-24,-7.91,-0.8375,-3.662
2019-09-25,9.04,0.62,0.828
2019-09-26,-3.11,-0.0275,2.38
2019-09-27,-3.1,-0.43,-0.014
2019-09-30,3.62,0.7675,-0.426
2019-10-01,2.23,-0.12,0.638
2019-10-02,4.42,-1.025,-0.032
2019-10-03,0.37,0.5975,0.234
2019-10-04,4.59,0.3425,-0.036
2019-10-07,2.47,0.1975,1.584
2019-10-08,-2.31,-0.355,0.836
2019-10-09,-2.49,0.0,0.642
2019-10-10,14.51,0.54,-0.108
2019-10-11,-1.87,0.815,0.148
2019-10-14,1.6,0.2425,1.812
2019-10-15,0.43,-0.2675,0.038
2019-10-16,3.16,0.25,0.472
2019-10-17,-11.14,0.0475,-0.106
2019-10-18,-14.06,0.455,-0.75
2019-10-21,5.16,0.7475,-0.966
2019-10-22,-4.47,-0.3,0.252
2019-10-23,3.21,0.27,0.036
2019-10-24,-0.31,-0.2325,0.262
2019-10-25,6.14,0.855,6.082
2019-10-28,3.81,0.4075,0.034
2019-10-29,-0.66,-1.42,-0.754
2019-10-30,7.11,-0.375,0.402
2019-10-31,-3.59,0.38,0.364
2019-11-01,-1.89,1.57,-0.602
2019-11-04,4.86,0.0425,0.534
2019-11-05,-1.96,0.02,-0.48
2019-11-06,0.4,0.1175,1.716
2019-11-07,-1.13,0.1725,1.28
2019-11-08,2.84,0.3625,0.528
2019-11-11,5.02,0.97501,0.228
2019-11-12,-3.31,0.1025,0.606
2019-11-13,-7.92,0.835,-1.778
2019-11-14,6.37,-0.2775,0.648
2019-11-15,4.44,0.52,0.306
2019-11-18,6.57,0.32501,-0.586
2019-11-19,-1.41,-0.4025,1.554
2019-11-20,4.15,-0.5875,-1.556
2019-11-21,5.69,-0.42,0.064
2019-11-22,1.38,-0.2025,-1.424
2019-11-25,6.72,0.915,-1.596
2019-11-26,-2.51,-0.6625,-1.27
2019-11-27,2.0,0.565,0.034
2019-11-29,-1.12,0.1625,-0.234
2019-12-02,-4.4,-0.7775,1.094
2019-12-03,3.94,0.285,0.716
2019-12-04,-4.11,0.1675,-0.944
2019-12-05,-2.41,0.4475,-0.492
2019-12-06,2.65,0.8075,0.178
2019-12-09,-4.85,-0.77,0.588
2019-12-10,-3.0,-0.03,1.776
2019-12-11,4.44,0.49,0.164
2019-12-12,2.77,0.92,0.952
2019-12-13,0.0,0.9225,-0.532
2019-12-16,3.36,0.715,3.79
2019-12-17,8.12,0.21,0.0
2019-12-18,4.54,-0.015,2.504
2019-12-19,7.72,0.13,1.344
2019-12-20,1.9,-0.6975,-0.94
2019-12-23,-4.66,0.8675,1.488
2019-12-24,-0.81,-0.105,1.37801
2019-12-26,-1.97,1.2725,0.606
2019-12-27,-3.87,-0.33,-0.924
2019-12-30,-5.77,0.515,-2.818
2019-12-31,1.57,0.93,2.666
2020-01-02,3.71,1.0275,1.152
2020-01-03,-0.88,0.07,0.502
2020-01-06,12.71,1.50249,2.214
2020-01-07,-5.72,-0.36249,1.532
2020-01-08,7.77,1.5075,3.688
2020-01-09,-6.34,0.5975,-3.152
2020-01-10,-8.08,-0.0675,-0.728
2020-01-13,7.12,1.32999,6.272
2020-01-14,-5.71,-1.005,-1.268
2020-01-15,0.39,-0.1275,-2.25201
2020-01-16,-4.88,0.4125,3.948
2020-01-17,-1.33,0.61501,0.578
2020-01-21,-1.89,-0.155,3.39
2020-01-22,-6.55,-0.21999,-0.466
2020-01-23,23.56,0.3275,1.59
2020-01-24,4.7,-0.485,-1.162
2020-01-27,-3.07,-0.2775,3.20599
2020-01-28,2.64,1.2725,-0.318
2020-01-29,-5.84,-0.0275,1.06
2020-01-30,6.64,0.8325,1.678
2020-01-31,-2.3,-2.855,2.114
2020-02-03,10.76,1.09,21.26199
2020-02-04,8.01,0.885,0.82001
2020-02-05,-5.46,-0.51749,-17.71199
2020-02-06,-2.65,0.66,9.80801
2020-02-07,1.73,-0.585,3.504
2020-02-10,6.07,1.8425,-5.744
2020-02-11,-0.06,-0.99751,1.11801
2020-02-12,2.83,1.4325,-2.11601
2020-02-13,4.44,0.17,12.43201
2020-02-14,-1.07,0.05251,2.562
2020-02-18,8.48,0.91,3.35999
2020-02-19,-1.93,0.905,-1.216
2020-02-20,-0.56,-0.5825,-2.50799
2020-02-21,-5.26,-1.3925,-1.196
2020-02-24,3.94,0.23,-1.04201
2020-02-25,-11.91,-3.21751,-9.81801
2020-02-26,12.93,1.53,-0.74
2020-02-27,0.25,-1.895,-10.2
2020-02-28,4.82,4.02499,7.658
2020-03-02,7.94,4.1325,6.472
2020-03-03,-12.26,-3.5875,-11.898
2020-03-04,6.02,1.575,-2.89201
2020-03-05,-8.22,-0.64999,0.15401
2020-03-06,1.27,1.7575,2.696
2020-03-09,2.63,0.605,0.522
2020-03-10,7.7,2.04999,-2.82001
2020-03-11,-9.0,-0.49001,-1.19399
2020-03-12,-11.25,-1.9275,-4.068
2020-03-13,5.79,3.27,-9.676
2020-03-16,-7.79,0.065,-4.886
2020-03-17,13.56,1.3375,-1.962
2020-03-18,13.07,1.725,-5.556
2020-03-19,7.7,-0.6525,10.588
2020-03-20,-9.48,-4.485,-2.134
2020-03-23,12.38,-0.9275,0.138
2020-03-24,-12.67,2.63,5.54
2020-03-25,-18.63,-1.3075,-1.20001
2020-03-26,18.99,2.98,-3.84599
2020-03-27,-1.97,-1.2525,1.872
2020-03-30,7.96,1.0175,-1.626
2020-03-31,7.57,-0.3275,4.55
2020-04-01,-11.97,-1.3975,-4.48801
2020-04-02,6.0,1.1475,-5.312
2020-04-03,-5.71,-0.3475,-5.898
2020-04-06,14.74,2.8925,1.008
2020-04-07,-7.72,-2.8425,0.09
2020-04-08,-2.89,0.8325,-1.072
2020-04-09,-0.34,-0.17751,2.182
2020-04-13,25.41,1.235,12.158
2020-04-14,16.05,1.7625,2.18399
2020-04-15,13.75,0.5075,-2.43399
2020-04-16,2.17,-0.1725,5.65401
2020-04-17,-8.04,-0.4725,-3.67799
2020-04-20,2.32,-0.255,2.73201
2020-04-21,-10.94,-1.9775,-8.68001
2020-04-22,-8.31,0.62251,5.62599
2020-04-23,7.44,-0.21,-4.394
2020-04-24,-0.01,1.4425,2.868
2020-04-27,-3.62,0.34251,12.228
2020-04-28,-16.16,-1.625,-5.304
2020-04-29,12.36,0.75,2.06801
2020-04-30,9.54,0.96,-14.66199
2020-05-01,0.17,0.705,-10.73599
2020-05-04,10.37,0.9975,12.03801
2020-05-05,-2.88,0.625,-4.31599
2020-05-06,4.96,0.0425,1.216
2020-05-07,-0.36,0.13,0.56599
2020-05-08,1.41,1.1225,5.13001
2020-05-11,4.19,1.7275,4.15599
2020-05-12,-10.18,-1.605,-3.51799
2020-05-13,2.58,-1.125,-5.974
2020-05-14,-2.95,1.2575,4.666
2020-05-15,13.49,1.84,1.76399
2020-05-18,1.42,0.4475,-2.83
2020-05-19,-2.36,-0.4725,-1.43199
2020-05-20,-6.58,0.6375,-0.98801
2020-05-21,-12.31,-0.4525,2.32001
2020-05-22,-7.68,0.78001,-1.058
2020-05-26,-13.0,-1.6925,-3.12599
2020-05-27,9.51,0.49249,-0.12599
2020-05-28,-3.8,0.37,-1.53999
2020-05-29,2.27,-0.3275,5.25
2020-06-01,7.09,1.025,8.01999
2020-06-02,1.44,0.6475,-2.62801
2020-06-03,-4.98,0.115,-1.032
2020-06-04,-8.06,-0.5175,-5.09999
2020-06-05,12.31,2.0375,1.56401
2020-06-08,3.49,0.8025,6.18399
2020-06-09,12.4,2.96249,0.132
2020-06-10,-1.52,1.235,6.63399
2020-06-11,-2.64,-3.3525,-3.472
2020-06-12,-10.93,-1.48,-8.944
2020-06-15,4.1,2.435,14.62199
2020-06-16,10.37,0.155,-5.944
2020-06-17,5.95,-0.89,0.81599
2020-06-18,1.14,0.08,0.192
2020-06-19,4.6,-1.23,-2.37601
2020-06-22,13.03,1.8825,-1.12601
2020-06-23,-0.24,0.6325,0.58
2020-06-24,-10.69,-1.235,-6.65201
2020-06-25,7.05,1.035,6.34199
2020-06-26,-22.99,-2.695,-7.008
2020-06-29,2.01,2.1325,8.06799
2020-06-30,5.02,1.18,14.662
2020-07-01,31.64,-0.2525,7.32599
2020-07-02,-8.75,-0.93501,-2.56401
2020-07-06,13.04,0.9625,18.97801
2020-07-07,-4.15,-0.68,-3.03003
2020-07-08,4.2,1.1625,-7.82401
2020-07-09,-0.64,-0.50999,-0.54202
2020-07-10,29.0,0.585,29.72998
2020-07-13,-42.48,-1.7875,-32.388
2020-07-14,7.8,2.21751,-7.84003
2020-07-15,6.96,-1.265,0.60199
2020-07-16,0.91,-0.04,4.69598
2020-07-17,-1.88,-0.66,-2.522
2020-07-20,13.27,1.94,24.798
2020-07-21,-15.9,-2.1725,-14.314
2020-07-22,-2.37,0.58,-1.33398
2020-07-23,-13.55,-4.1525,-33.176
2020-07-24,11.68,1.62749,0.198
2020-07-27,11.14,1.1,20.92001
2020-07-28,-7.51,-1.115,-5.50198
2020-07-29,-7.77,1.29,-0.37802
2020-07-30,5.09,2.0025,-0.10202
2020-07-31,0.59,3.375,-16.84799
2020-08-03,7.76,0.7375,7.16
2020-08-04,10.99,0.5325,-1.60202
2020-08-05,-6.57,0.685,-1.59399
2020-08-06,4.97,3.4975,-0.25
2020-08-07,-10.72,-2.0925,-9.366
2020-08-10,-9.97,0.1275,-5.88602
2020-08-11,-12.82001,-2.595,-4.32202
2020-08-12,4.13001,2.5125,16.952
2020-08-13,2.92999,0.58,2.0
2020-08-14,-0.14001,0.0775,-2.85599
2020-08-17,-1.84,-1.455,31.728
2020-08-18,7.51999,1.21,-2.38
2020-08-19,-9.39999,-0.275,2.70599
2020-08-20,13.21,2.63151,31.94065
2020-08-21,-4.14999,5.10751,1.04401
2020-08-24,-6.63,-2.84,-22.41602
2020-08-25,2.38999,0.12749,9.69
2020-08-26,55.03003,0.3425,18.634
2020-08-27,-11.51001,-2.1325,11.65799
2020-08-28,-8.10999,-1.20499,-16.34399
2020-08-31,8.40002,1.45999,53.71002
2020-09-01,23.95001,1.42,-27.09003
2020-09-02,-0.94,-6.19,-31.61999
2020-09-03,-19.25,-6.03001,-0.23001
2020-09-04,-4.13,0.89,15.51001
2020-09-08,8.62,-1.13,-25.79001
2020-09-09,-19.02002,0.06,9.67999
2020-09-10,-22.67999,-6.87,-14.87
2020-09-11,-4.45999,-2.57,-9.22
2020-09-14,-4.35998,0.64,38.66998
2020-09-15,11.98999,-2.79,13.20001
2020-09-16,-16.13,-3.10001,1.89002
2020-09-17,-4.95999,0.62,7.82999
2020-09-18,-2.55002,-3.56001,-5.79001
2020-09-21,19.66,5.54,-3.73999
2020-09-22,2.16,-0.87,-5.37
2020-09-23,-20.43002,-4.5,-24.80002
2020-09-24,2.54999,3.05,23.99002
2020-09-25,8.48999,3.85,13.86999
2020-09-28,1.54001,-0.05,-3.41998
2020-09-29,3.98001,-0.46001,3.07001
2020-09-30,7.45999,2.02,7.69
2020-10-01,21.48001,-0.85,7.39999
2020-10-02,-13.36999,0.13,-6.30002
2020-10-05,13.85004,2.59,2.32999
2020-10-06,-12.84998,-2.53999,-9.81
2020-10-07,16.65997,0.46,5.42999
2020-10-08,-1.69,-1.28,-12.51999
2020-10-09,1.60999,1.69,3.87
2020-10-12,-9.0,4.34,0.29999
2020-10-13,13.53003,-4.17,3.29999
2020-10-14,-21.15997,0.19,11.51999
2020-10-15,-3.58002,1.99,-1.42999
2020-10-16,-18.71002,-2.26,-14.76999
2020-10-19,-6.35004,-3.98,-15.41
2020-10-20,-2.72003,1.31001,-9.81
2020-10-21,-11.98001,0.2,-0.06
2020-10-22,-9.45999,-1.7,-16.13
2020-10-23,0.17001,-1.35,-1.20999
2020-10-26,1.20999,1.04,8.64999
2020-10-27,-1.08002,1.11,0.91998
2020-10-28,-0.12,-3.85001,-10.46002
2020-10-29,15.70999,2.95,0.87
2020-10-30,-26.27002,-2.2,-18.85998
2020-11-02,5.25,-0.34,6.51001
2020-11-03,2.29001,0.78,14.16998
2020-11-04,1.59003,0.81,-9.63998
2020-11-05,7.20001,1.08,9.79001
2020-11-06,-0.27002,0.37,-6.14999
2020-11-09,-15.04001,-4.18,-18.23999
2020-11-10,9.28998,0.42,-9.73001
2020-11-11,7.76001,2.3,0.67999
2020-11-12,-4.23001,-0.41,-3.28998
2020-11-13,-3.92999,-0.18,-2.35001
2020-11-16,-0.89999,1.38,-0.84
2020-11-17,0.51001,-0.16,-18.56003
2020-11-18,-0.16,-0.58,38.29001
2020-11-19,2.67001,1.05,7.26999
2020-11-20,3.01999,-1.3,-8.38
2020-11-23,-13.84,-3.33,18.34998
2020-11-24,4.04001,1.25999,14.97998
2020-11-25,-0.13,0.48,23.94
2020-11-27,4.78,0.02,4.60004
2020-11-30,0.62002,2.08,-34.61005
2020-12-01,12.23999,1.71,-12.83002
2020-12-02,1.76001,1.06,12.38
2020-12-03,-5.47,-0.57999,3.35998
2020-12-04,0.81,-0.35,8.02997
2020-12-07,15.77002,1.44,36.84003
2020-12-08,-5.24005,0.00999,24.37
2020-12-09,-16.92999,-2.75,-49.21002
2020-12-10,6.53,2.74,52.70001
2020-12-11,8.22,-0.02,-5.02002
2020-12-14,16.97998,-0.82,20.83002
2020-12-15,1.28003,3.54,-10.03003
2020-12-16,4.72003,0.39999,-5.45996
2020-12-17,3.90002,-0.2,27.71002
2020-12-18,1.25,-2.3,26.09998
2020-12-21,-1.14001,3.21,-16.38
2020-12-22,-0.35999,0.27,-7.65997
2020-12-23,-10.28003,-1.2,13.77997
2020-12-24,-1.15002,0.64999,18.78003
2020-12-28,2.69,2.7,-10.82001
2020-12-29,10.96997,-3.18001,4.98999
2020-12-30,-5.53998,-1.86,22.78003
2020-12-31,15.19995,-1.39,5.67999
2021-01-04,-16.14001,-4.11,10.31
2021-01-05,-0.75,2.12,11.45001
2021-01-06,-11.48001,-1.12,-2.51001
2021-01-07,0.61002,2.56,38.40997
2021-01-08,-0.91,-0.37999,24.02002
2021-01-11,-8.73999,-0.21001,-38.21002
2021-01-12,-5.75,0.3,18.44
2021-01-13,12.29001,2.13,1.64996
2021-01-14,-6.49002,-1.89,1.60999
2021-01-15,-2.01999,-1.64,-25.84003
2021-01-19,0.76999,0.05,6.75
2021-01-20,20.92004,3.37,-8.28998
2021-01-21,-2.60999,3.06999,-10.01001
2021-01-22,-16.92999,2.79001,12.33002
2021-01-25,-10.21997,-0.15001,25.79999
2021-01-26,7.20001,-0.44,-8.28998
2021-01-27,-27.42999,-1.36999,-6.19
2021-01-28,2.71997,-2.43001,15.42999
2021-01-29,-5.60999,-3.87,-36.46997
2021-02-01,2.25,0.39,25.52002
2021-02-02,6.14996,-0.73999,28.10999
2021-02-03,-10.71997,-1.81999,-22.33002
2021-02-04,12.34998,1.09,-5.01001
2021-02-05,-1.47003,-0.59001,7.22998
2021-02-08,-7.08002,0.88,-6.25
2021-02-09,13.07001,-0.61,-5.65997
2021-02-10,1.09003,-1.09,-38.82001
2021-02-11,-6.84998,-0.76999,-0.78003
2021-02-12,-0.41998,1.01999,14.85999
2021-02-16,-0.00995,-2.3,-21.78003
2021-02-17,0.35004,-0.41,19.06
2021-02-18,-0.78003,0.51001,6.47998
2021-02-19,-7.78003,-0.37001,-13.70001
2021-02-22,-1.20996,-2.01,-48.14001
2021-02-23,21.15002,2.1,36.71002
2021-02-24,13.60999,0.41,30.17004
2021-02-25,-3.57001,-3.69,-43.93005
2021-02-26,-7.66003,-1.32999,-24.5
2021-03-01,5.07001,4.04,28.32001
2021-03-02,-5.52002,-3.29,-31.84003
2021-03-03,-25.22998,-2.75,-34.78998
2021-03-04,-10.20999,-1.62,-34.35999
2021-03-05,4.41,0.44,-28.10999
2021-03-08,-21.13003,-4.57,-37.54999
2021-03-09,-0.87,2.06,65.40002
2021-03-10,-8.95999,-1.71,-32.23999
2021-03-11,10.85999,-0.58,0.19995
2021-03-12,5.52002,0.63,23.72998
2021-03-15,3.92999,2.57999,13.84998
2021-03-16,-0.43994,-0.13,-26.46997
2021-03-17,2.44,0.71,44.94
2021-03-18,-11.61002,-2.35,-31.13
2021-03-19,7.22,0.09,8.27002
2021-03-22,13.97998,3.06,-14.59003
2021-03-23,5.22003,-0.79,-13.61005
2021-03-24,-12.97003,-2.73,-37.63995
2021-03-25,-14.13001,1.04999,27.39001
2021-03-26,5.22998,0.86,-23.15997
2021-03-29,8.29001,-0.26,-4.35004
2021-03-30,2.88,-0.21,33.87
2021-03-31,5.98999,0.5,21.31
2021-04-01,9.48999,-0.66,-26.62
2021-04-05,0.65997,2.03,-16.66003
2021-04-06,-0.27997,-0.29,1.32001
2021-04-07,3.48999,2.07,-16.03003
2021-04-08,3.45001,1.41,6.41998
2021-04-09,2.62,3.2,-0.75
2021-04-12,1.73004,-1.28,16.27997
2021-04-13,-3.27002,1.98999,49.62
2021-04-14,-14.84997,-2.91,-38.47003
2021-04-15,5.05,0.68,-4.25
2021-04-16,-4.0,-0.14,11.13
2021-04-19,7.54,1.33,-4.97
2021-04-20,-4.85,-1.91,1.57
2021-04-21,0.9,1.14,39.35
2021-04-22,-5.04,-1.1,-21.81
2021-04-23,-3.46,2.16,9.6
2021-04-26,3.54,-0.11,-2.8
2021-04-27,-7.07,-0.62,-13.22
2021-04-28,1.32,-0.73,-2.01
2021-04-29,1.4,-2.99,-22.51
2021-04-30,8.47,-0.32,41.85
2021-05-03,-3.54,0.5,-18.9
2021-05-04,-7.6,-3.34,-5.34
2021-05-05,-8.91,-1.1,-10.12
2021-05-06,3.56,1.85,-17.22
2021-05-07,-0.78,-0.64,6.28
2021-05-10,-15.31,-2.56,-35.86
2021-05-11,15.33,2.41,17.96
2021-05-12,-1.85,-0.63,-12.6
2021-05-13,-2.47,0.39,-29.86
2021-05-14,5.51,1.2,6.33
2021-05-17,3.35,-0.55,1.28
2021-05-18,-2.12,-1.71,9.87
2021-05-19,6.07,1.53,10.91
2021-05-20,12.12,2.08,11.78
2021-05-21,-5.23,-2.39,-15.23
2021-05-24,1.85,1.09,24.84
2021-05-25,-4.66,-0.92,-2.62
2021-05-26,0.02,-0.11,11.57
2021-05-27,2.06,-1.16,10.61
2021-05-28,-1.59,-0.96,-3.28
2021-06-01,-4.93,-0.8,-3.9
2021-06-02,-0.58,0.78,-15.01
2021-06-03,-5.76,-1.14,-28.96
2021-06-04,2.74,1.82,19.34
2021-06-07,1.74,-0.27,13.3
2021-06-08,-4.61,0.14,-19.42
2021-06-09,-8.69,-0.08,-3.39
2021-06-10,0.1,-0.91,6.24
2021-06-11,-1.23,0.82,-0.34
2021-06-14,10.21,2.66,5.46
2021-06-15,-9.33,-0.3,-17.33
2021-06-16,-2.59,-0.22,7.33
2021-06-17,8.09,1.99,14.71
2021-06-18,4.37,-0.25,9.94
2021-06-21,-4.64,2.0,-3.65
2021-06-22,10.28,1.85,5.46
2021-06-23,4.26,-0.07,24.57
2021-06-24,0.1,-1.04,4.83
2021-06-25,-1.77,-0.35,-17.71
